scope,class_id,class_name,num_samples,avg_sequence_length,median_sequence_length,avg_segment_duration,median_segment_duration,avg_ts_masked_points,median_ts_masked_points,avg_ts_mask_ratio,median_ts_mask_ratio,avg_ts_mask_physical_duration,median_ts_mask_physical_duration,avg_fs_mask_ratio,median_fs_mask_ratio,avg_fs_mask_physical_duration,median_fs_mask_physical_duration,fully_masked_ts_sample_ratio,fully_masked_fs_channel_ratio,rate,split
overall,,,61142,47.86047234307023,54.0,275.3052402603775,296.0,37.2051781099735,41.0,0.8073954523706859,0.819672131147541,219.61257397099396,231.47540983606547,0.7661496161139217,0.7887931034482759,211.54955343525518,223.16939890710384,0.15017500245330542,0.01107258512969808,5,train
overall,,,63618,26.34389638152724,30.0,276.472492061995,291.00000000000006,25.228928919488194,28.0,0.9612090851916504,1.0,265.25892350008934,280.64516129032256,0.7462687510410864,0.7661290322580645,207.40952335217656,217.75862068965517,0.5533968373730705,0.018988336634285893,10,train
overall,,,64055,14.277870579970338,15.0,279.6292248848646,282.00000000000006,14.212114589025056,15.0,0.9954065139060456,1.0,278.34417574888187,282.0,0.7019936804851624,0.71875,196.94548295625398,203.0769230769231,0.9640933572710951,0.043127000234173755,20,train
overall,,,63857,10.07131559578433,10.0,282.2621012574972,276.0,10.053698106707174,10.0,0.9981948313399839,1.0,281.7727945875232,275.0,0.6452030311526922,0.6590909090909092,182.41763377317903,189.0,0.9890066868158541,0.06565059429663153,30,train
overall,,,62786,5.437772751887364,5.0,269.9818430860383,255.0,5.436323384193929,5.0,0.999719151827902,1.0,269.9117090858897,255.0,0.5298240584419031,0.6000000000000001,142.99680993108865,150.0,0.9985824865415857,0.15136336125887936,60,train
class,0,Walk,13068,49.86861034588307,58.0,279.3223905723906,296.0,39.34955616773799,44.0,0.814797217754281,0.819672131147541,225.84012637139588,235.47540983606555,0.8384174123743712,0.8592329545454546,234.9025109757875,251.18506371814095,0.13337924701561066,0.012913223140495868,5,
class,1,Bike,13084,46.89727911953531,58.0,260.54547538978903,296.0,37.745643534087435,43.0,0.8394219163211146,0.8333333333333334,214.29847522519555,227.98360655737704,0.8308188660457573,0.848360655737705,217.6899972586114,243.44262295081967,0.21560684805869765,0.0215721491898502,5,
class,2,Bus,12853,53.90865945693612,60.0,293.8155294483778,299.9999999999999,40.096708939547185,43.0,0.7589787760392966,0.7837837837837838,222.98773381995065,231.02564102564108,0.7273708481342145,0.7295081967213115,214.26824336684444,215.44262295081967,0.03524468995565238,0.002372986851318758,5,
class,3,Car,13097,44.53516072382988,48.0,274.26464075742535,294.99999999999994,35.33374055127128,38.0,0.8219314323724358,0.8461538461538461,222.7628751104506,237.59649122807016,0.73787353540351,0.7448979591836735,202.8913826299301,213.7179487179487,0.1464457509353287,0.007768954722455524,5,
class,4,Train,9040,42.57002212389381,47.0,266.0504424778761,294.99999999999994,31.923230088495576,33.0,0.798121258393274,0.8360655737704918,208.93863477403252,226.16666666666666,0.664183610170088,0.7045454545454546,177.58215578283887,193.5426361713379,0.24856194690265487,0.010370575221238939,5,
class,0,Walk,13059,26.2687035760778,30.0,279.78084079944864,291.0,25.19710544452102,28.0,0.9632338996221964,1.0,269.184752156418,280.64516129032256,0.8115503734592191,0.8306451612903225,228.05530000425733,239.91666666666666,0.5737039589555096,0.03087908721954208,10,
class,1,Bike,13085,25.52548719908292,30.0,265.1512418800153,291.0,24.680932365303782,28.0,0.9712608386434822,1.0,256.84411241920725,280.64516129032256,0.7878166919080724,0.8043478260869565,210.60533078211904,229.58333333333331,0.5957202904088651,0.027264042797095912,10,
class,2,Bus,13011,28.23241872261932,30.0,292.390976865729,300.0,26.93866728153101,28.0,0.9562431190695129,0.967741935483871,279.5450525771127,289.9999999999999,0.7284485185588356,0.7333333333333334,213.47876696439315,215.32258064516128,0.46837291522557833,0.007070939973868266,10,
class,3,Car,13095,26.277510500190914,29.0,275.30515463917527,291.0,25.169606720122186,27.0,0.9610110500524991,1.0,263.88159667306905,280.64516129032256,0.7374500653387865,0.75,203.43036491085434,212.58620689655172,0.5717449408171058,0.01563573883161512,10,
class,4,Train,11368,25.287297677691765,28.0,268.8287297677692,291.0,24.007741027445462,26.0,0.9532249375664394,1.0,255.6705769086949,280.0,0.6540073348460901,0.6774193548387096,177.65141406560423,190.1787994891443,0.5575299085151302,0.013304890921885996,10,
class,0,Walk,13038,14.179552078539654,15.0,280.55974842767296,282.0,14.11573861021629,15.0,0.9956983396007787,1.0,279.35720692356676,281.00000000000006,0.7567739464318216,0.7700320512820513,212.93117164544051,219.33333333333331,0.9703942322442093,0.06555836784782942,20,
class,1,Bike,13080,14.159862385321102,15.0,275.3142201834862,284.0,14.13394495412844,15.0,0.998174627042173,1.0,274.81241126005744,283.0,0.729144351470183,0.734375,201.55449210482539,208.1416666666667,0.9825688073394495,0.048222477064220184,20,
class,2,Bus,13109,14.794797467388817,15.0,289.144709741399,300.0,14.725989778015105,15.0,0.995369544932822,1.0,287.8413232442497,300.0,0.7235090796951924,0.7333333333333334,209.69697903299436,212.30769230769232,0.9554504538866427,0.04216568769547639,20,
class,3,Car,13095,14.091714394807179,15.0,276.3663993890798,282.0,14.001985490645284,15.0,0.9937516234137082,1.0,274.60095720642687,281.25,0.6928232160377062,0.7000000000000001,191.42479471013692,195.66071428571428,0.9518136693394426,0.038201603665521194,20,
class,4,Train,11733,14.148896275462372,15.0,276.4157504474559,282.0,14.066734850421888,15.0,0.9938846247079436,1.0,274.7225034873079,282.0,0.5970491632942092,0.609375,165.95825051101275,168.75,0.9598568141140373,0.01909145146168925,20,
class,0,Walk,13002,9.952853407168128,10.0,280.16635902168895,273.0,9.939624673127211,10.0,0.9987152131995234,1.0,279.8129916493034,272.7272727272727,0.690646068048583,0.7045454545454545,193.94847550371318,197.72727272727275,0.9920781418243347,0.08758267958775573,30,
class,1,Bike,13081,10.217873251280484,10.0,284.9627704303952,300.0,10.21145172387432,10.0,0.9993295134224727,1.0,284.7899568682555,300.0,0.6644838780909226,0.6818181818181818,189.7649648066388,190.90909090909093,0.9948780674260378,0.06448283770353948,30,
class,2,Bus,13108,10.20773573390296,10.0,285.8294171498322,300.0,10.194919133353677,10.0,0.9987476034374875,1.0,285.48324991600475,300.0,0.6785670086364318,0.7,194.55510463205331,197.72727272727272,0.990768996032957,0.08246872139151663,30,
class,3,Car,13095,9.873463153875525,10.0,276.6585719740359,272.0,9.84520809469263,10.0,0.9971295511158055,1.0,275.8909812547556,272.0,0.6275741721474826,0.6363636363636364,173.6197203709489,177.2,0.981672394043528,0.05693012600229095,30,
class,4,Train,11571,10.108115115374643,10.0,283.8643159623196,282.0,10.07950911762164,10.0,0.9969067254392637,1.0,283.0172466794193,281.0,0.5544979725835961,0.55,157.3615683125438,158.83333333333331,0.9852216748768473,0.03314320283467289,30,
class,0,Walk,12749,5.385128245352576,5.0,267.38426543258294,247.0,5.384500745156483,5.0,0.9998849582973828,1.0,267.35414542317045,247.0,0.5333614401129501,0.6000000000000001,142.69852798912333,150.0,0.9994509373284179,0.13350066671895836,60,
class,1,Bike,12983,5.576292074250944,6.0,277.86728799198954,300.0,5.576215050450589,6.0,0.999987162699941,1.0,277.86343680197183,300.0,0.5279930165087678,0.5833333333333333,146.55615676910833,150.0,0.9999229761996457,0.14540167911884772,60,
class,2,Bus,13074,5.525470399265719,6.0,275.1572586813523,300.0,5.525087960838305,6.0,0.9999337106725819,1.0,275.1371271225333,300.0,0.537178751720973,0.6000000000000001,148.0738845545867,150.0,0.9996940492580695,0.12840370200397735,60,
class,3,Car,13058,5.218180425792617,5.0,256.72155000765815,243.0,5.216036146423648,5.0,0.9995890131209476,1.0,256.61915811507635,243.0,0.5318048961045592,0.6000000000000001,136.36076351661816,150.0,0.9978557206310308,0.16842165722162658,60,
class,4,Train,10922,5.4921259842519685,5.0,273.29893792345723,300.0,5.487639626442044,5.0,0.9991057803821034,1.0,273.08201794543123,300.0,0.5166994750656168,0.5833333333333333,140.97040606116096,150.0,0.9955136421900751,0.1863898553378502,60,
